Exon_Name,ambiguities_allowed,Target_Sequence_Length,PRIMER_LEFT_0,PRIMER_RIGHT_0,PRIMER_LEFT_0_SEQUENCE,PRIMER_RIGHT_0_SEQUENCE,PRIMER_LEFT_0_TM,PRIMER_RIGHT_0_TM
orth10028_686-1116,2,165,"118,20","322,20",TGCARGTGTGGCGYTTCCTC,GCGCCSACCAARTACACCTC,55.915,55.151
orth10028_686-1116,3,166,"118,20","323,20",TGCARGTGTGGCGYTTCCTC,RGCGCCSACCAARTACACCT,55.915,56.756
orth10105_534-1065,3,281,"33,20","353,20",MAAGTHGCYGTCGGCTATCA,ACCCTTRCCAYWCGCATCCA,53.642,55.805
orth10141_63-635,3,190,"250,22","481,20",RCTTATGGGMCAAGATTGYGAG,DCCACCATTYACTTTYTGCA,53.096,54.492
orth10262_574-1105,1,351,"96,20","486,20",TGGTGGGTGATCGCBTATGC,GACTCTTTCGCATATCACCC,55.116,56.024
orth10262_574-1105,2,249,"198,20","486,20",GAGGTGCGYAGCTTTGTBTC,GACTCTTTCGCATATCACCC,55.504,56.024
orth10262_574-1105,3,265,"182,20","486,20",TCGYATGTGYGTRACGGAGG,GACTCTTTCGCATATCACCC,56.041,56.024
orth10315_1281-1727,2,161,"131,20","331,20",GCCGATCGTGATGARATYGC,RTGCATGGGTTTCTTCTTCA,56.145,56.495
orth10315_1281-1727,3,161,"131,20","331,20",GCCGATCGTGATGARATYGC,RTGCATGGGTTTCTTCTTCA,56.145,56.495
orth10339_505-906,1,168,"130,20","337,20",TRATGTTAGCGACGGGTATG,ATAAASACCAAACTGAGCGC,56.396,55.830
orth10339_505-906,2,168,"130,20","337,20",TRATGTTAGCGACGGGTATG,ATAAASACCAAACTGAGCGC,56.396,55.830
orth10339_505-906,3,194,"160,20","393,20",TYATTATAACCACTGGCGCA,TGAAGCGMAGVACYAGCAGA,56.173,56.061
orth10425_0-403,2,227,"54,20","320,20",GCTTCGYCAATCARTGCTGC,GCGYAKGCGGAATTCATTGT,54.351,55.766
orth10425_0-403,3,227,"54,20","320,20",GCTTCGYCAATCARTGCTGC,GCGYAKGCGGAATTCATTGT,54.351,55.766
orth10425_453-875,1,192,"97,20","326,18",TGGACTCAAAGCATTCAAGG,TCTGTGAGTCCCARCGGG,55.938,56.853
orth10425_453-875,2,189,"97,20","325,20",TGGACTCAAAGCATTCAAGG,CTGTGAGTCCCARCGGGCRT,55.938,55.499
orth10425_453-875,3,189,"97,20","325,20",TGGACTCAAAGCATTCAAGG,CTGTGAGTCCCARCGGGCRT,55.938,55.499
orth2351_737-1215,3,250,"119,18","404,18",YACCGAAACATTRAARCG,RCGCGGYGTCATCATKGC,53.429,54.577
orth2412_253-701,3,225,"36,21","303,22",YAAAATTGATGTYAACGAYGC,DCGAAAACGTTTRTGYACATCC,54.771,56.328
orth2462_53-471,1,282,"52,20","374,21",CCCAAAARACCGGTTTCATT,RATAATACCATCCAAATCACT,55.899,54.401
orth2462_53-471,2,282,"52,20","374,21",CCCAAAARACCGGTTTCATT,RATAATACCATCCAAATCACT,55.899,54.401
orth2462_53-471,3,263,"71,20","374,21",TGARACACTYCGCCTCAARA,RATAATACCATCCAAATCACT,56.010,54.401
orth2505_123-557,3,202,"97,21","340,21",HGTAATGGGYATHGATTGGGC,VGAHACCCACCARTCATTTTC,55.076,54.206
orth2528_741-1231,3,313,"48,21","401,20",HGCATCGATTTTYAAACARCC,GCTTGCATVAGCGGTTGYTC,54.452,56.496
orth2544_667-1171,2,244,"171,18","454,22",RGARCAAATGAATGGCGC,CATCCATBGCCTGYTTGTTGGC,53.868,55.665
orth2544_667-1171,3,313,"108,21","462,21",BCAGAAGCAYAAAGGTTTYGC,DATRGCTTCATCCATBGCCTG,56.324,56.148
orth2550_125-563,3,298,"62,21","406,26",HGATGAYAGYAACTTTCACTT,TGCCATAATGGATCYGARCTDATTTT,53.421,53.044
orth2553_637-1195,2,167,"158,21","365,20",YATGCTTAAGAATCGRGTACG,CATGCTCCAGTCTTCCATTT,55.452,55.705
orth2553_637-1195,3,297,"29,20","365,20",RCGTTCCATGCAACARGARA,CATGCTCCAGTCTTCCATTT,56.957,55.705
orth2566_1289-1740,2,199,"71,20","309,20",CGCATGGCTGATATGTTYAC,TGWATGCCBACACCACGTTT,56.235,56.863
orth2566_1289-1740,3,198,"71,20","308,20",CGCATGGCTGATATGTTYAC,GWATGCCBACACCACGTTTB,56.235,55.954
orth2596_149-624,3,324,"11,20","374,20",NCGTAGTGGYGGVGCAACTG,RCACCAWGCAAACCATTTRA,56.201,55.018
orth2612_715-1187,2,381,"4,20","423,19",GTKTGGTACTGGGGCGARAT,YTTTGGTGGAATBGGCAGC,56.263,55.075
orth2612_715-1187,3,382,"4,20","426,21",GTKTGGTACTGGGGCGARAT,MAGYTTTGGTGGAATBGGCAG,56.263,55.808
orth2616_2941-3434,2,288,"102,19","432,24",YATGGTCGTCTATCGYAAA,CTCATCYGTKACCATTTCGAAACC,56.575,54.772
orth2616_2941-3434,3,294,"99,20","435,23",YCCYATGGTCGTCTATCGYA,YGACTCATCYGTKACCATTTCGA,56.502,54.941
orth2645_196-696,2,333,"51,20","424,21",ATGCTTATGGAYCCCATGGG,GCTARATCAGACCATTTDCCA,56.063,53.379
orth2645_196-696,3,329,"51,20","420,21",ATGCTTATGGAYCCCATGGG,RATCAGACCATTTDCCAATRA,56.063,55.085
orth2657_1971-2455,3,398,"40,20","480,23",AAACGTTATGTGATGCGYAC,CTCTTTGCAGGCRTTRTGRCCCA,55.348,53.254
orth2657_942-1385,3,236,"24,20","299,20",RATCGAACAYTTYGGCACGT,TGCCARACKCGHCGCACTTT,56.000,56.037
orth2765_1666-2131,2,157,"186,20","388,26",CCTTGGGGATAYACHCCAGC,TTTAAYCTTGMAAACTCCATCATAAA,54.619,53.426
orth2765_1666-2131,3,156,"184,22","383,22",ARCCTTGGGGATAYACHCCAGC,YCTTGMAAACTCCATCATAAAN,55.820,54.610
orth2765_89-516,3,205,"86,24","332,18",DTGGAAYTTYGAAATAGCATGGGA,RACYAACCAACGNCCTGT,53.757,54.688
orth2772_374-940,3,174,"265,18","478,22",RATGGCDCGTTGGTTTGR,YAADCCAACVATTTCTGGATCA,55.221,55.136
orth2776_59-617,3,159,"6,21","205,20",TTGGTACCCCGYYTRCCAGTT,TGRAAHACCATATCGGGCAR,53.869,57.034
orth2786_1246-1799,3,202,"52,21","295,21",YGTGACGCGHTATGTRAATGT,VGCCAATTGTTCACCYTGYAC,55.429,53.745
orth2870_2111-2663,3,262,"243,20","544,20",YTGCGTGGYAAAACCGAYTA,TCCATYACCTCDCCGCCHAC,55.217,54.428
orth2872_268-817,2,202,"233,21","475,20",YAAAATGGAYGAATTGATTGC,GGTGTKACAAAWATTGGCAT,53.425,54.840
orth2872_268-817,3,197,"233,21","470,20",YAAAATGGAYGAATTGATTGC,KACAAAWATTGGCATTGGYC,53.425,56.628
orth2884_2067-2578,2,278,"62,22","384,23",CCTTYCTYAGTATGACCTTCGC,RTACATGTGRTGGTAGTTTTCCA,56.516,54.330
orth2884_2067-2578,3,322,"13,20","375,21",GTGCTCGTNCGYYTAACGCA,RTGGTAGTTTTCCATRCGYAC,53.974,54.350
orth2894_628-1207,2,180,"0,20","219,20",CCTCTAGTCTCACCGGTTCB,ATTGTDCCATCTGARCTGCC,55.517,53.027
orth2894_628-1207,3,181,"0,20","220,20",CCTCTAGTCTCACCGGTTCB,DATTGTDCCATCTGARCTGC,55.517,55.565
orth2923_57-459,2,191,"151,20","381,20",YTGGGAKAATACCAAATCGG,CTGGCACCCCAACCRGTRCA,55.541,55.739
orth2923_57-459,3,185,"151,20","375,20",YTGGGAKAATACCAAATCGG,CCCCAACCRGTRCAHACGCC,55.541,56.016
orth2935_486-1024,1,227,"36,20","302,20",AAAATGGATCGTTCGGCYAC,ACAACCGGCTGAAACRAGAT,55.043,55.634
orth2935_486-1024,2,163,"109,20","311,20",ATCCAACGCARGGTCTTTGT,GAAYGAWACACAACCGGCTG,55.654,56.245
orth2935_486-1024,3,163,"109,20","311,20",ATCCAACGCARGGTCTTTGT,GAAYGAWACACAACCGGCTG,55.654,56.245
orth2938_474-1045,3,221,"26,21","289,22",GGGCGCTWACSAACATCGCYT,ACATCARCCADACWATGTTGCG,56.144,55.999
orth2955_2160-2617,2,156,"251,22","451,23",RAATTTCGAYAAGACAATAAAA,CCTTTKYCTATATCGGTGGTTGT,53.779,54.131
orth2955_2160-2617,3,156,"251,23","452,23",RAATTTCGAYAAGACAATAAAAY,KCCTTTKYCTATATCGGTGGTTG,54.950,56.043
orth3014_243-669,3,157,"74,20","273,23",ATGYTSGGCTGTGTCGCTGC,CTCATCACMGGCGATAYRAACCA,56.140,54.026
orth3029_126-713,3,258,"152,24","453,20",CATTGGGTBATAAARGCWCCAACA,GGTCTDCCAAACGAWCGWCC,53.510,54.465
orth3063_1538-2036,3,221,"95,20","355,20",YAATATGYTGAARATGCGCG,ACCATBCGYARCACCTCCTC,55.607,54.886
orth3092_555-1082,2,442,"7,20","490,22",TGGAGYAAYATGCAAAAGAC,TGCTDGCCAATTGRTGATACCA,53.488,53.449
orth3092_555-1082,3,444,"6,21","492,22",WTGGAGYAAYATGCAAAAGAC,WATGCTDGCCAATTGRTGATAC,55.388,54.564
orth3094_2057-2629,3,192,"143,20","374,20",RTTGCTTGCRCGCGAYGGTT,RAACCAACATTGYGTCTGRA,56.253,54.930
orth3104_1616-2113,3,221,"131,20","397,26",YGCTGATGTRAGTCACTTYA,ATTTGWGCYTGTTCGTAHGTCATTGC,55.568,53.144
orth3104_993-1566,3,165,"233,20","437,20",ACGYCGYAAATGGCGDCAAT,BACAAAGTGRCCATGNGGAT,55.535,54.345
orth3129_389-852,2,293,"24,20","359,23",YATTGCATTTAGYGAACGCA,TCATCBACAAAYTGGAATGCCTT,55.554,53.262
orth3129_389-852,3,291,"24,20","354,20",YATTGCATTTAGYGAACGCA,BACAAAYTGGAATGCCTTDA,55.554,54.722
orth3137_647-1080,3,322,"21,21","383,20",VATGCTTATACCCAAYGTRGC,TCTTCAAAWGATTTGCGCGC,53.958,56.046
orth3432_122-562,3,316,"78,20","434,21",TGGTGCAAGGGYATHATWGC,KGCATGCTCRAACCAWGGATC,55.427,55.667
orth3456_653-1234,3,207,"194,20","442,22",TCGAAMCGTGAYTGGGGWCA,KGTTGGACGGAAATACTTBGGA,53.822,56.219
orth3465_0-564,2,260,"103,20","404,22",CGCGCGAACTRACRAAATCA,RTCCATATGTATACGAGTTTGD,56.786,53.536
orth3465_0-564,3,294,"103,20","437,21",CGCGCGAACTRACRAAATCA,RAATTCCATRAAATTKCCCAA,56.786,53.781
orth3526_3938-4363,3,321,"0,20","360,20",CCCATGCAYACWCARAAGCT,CGCGRCTRTAWACCTTGCGT,54.533,55.870
orth3528_0-578,3,302,"1,25","347,20",TGACTGAGGATACAGARTAYAARAA,AWACATRAGCGTCACTTGYA,53.774,55.776
orth3556_1794-2207,3,213,"145,21","400,22",YGAYATGTGGTTYCAGTTTCT,DGGTTCCAARAAGTAAATRGCA,54.078,54.185
orth3556_678-1151,1,280,"125,23","450,23",GATCACACMAATCATGACTTCAA,GTCATYACTTTACGCATTATTTC,53.440,53.519
orth3556_678-1151,2,271,"133,20","445,22",MAATCATGACTTCAAYATGT,YACTTTACGCATTATTTCRCCC,54.054,55.170
orth3556_678-1151,3,271,"133,20","445,22",MAATCATGACTTCAAYATGT,YACTTTACGCATTATTTCRCCC,54.054,55.170
orth3562_427-970,3,233,"182,20","454,20",AGTVCAYAATGAGCGCATGA,TCACARYTWCGTGCGGCCTG,55.562,56.769
orth3662_1757-2245,3,228,"207,20","477,23",TGGARAGTGARCGCATCAAR,AAGCAYGGTTTKATDGGATGGAA,55.731,53.426
orth3682_81-506,1,300,"24,20","363,20",AAAGCAACTTYAATGGTCGC,TCGTCTGTGACTAGATTCGG,56.481,56.509
orth3682_81-506,2,300,"24,20","363,20",AAAGCAACTTYAATGGTCGC,TCGTCTGTGACTAGATTCGG,56.481,56.509
orth3682_81-506,3,300,"24,20","363,20",AAAGCAACTTYAATGGTCGC,TCGTCTGTGACTAGATTCGG,56.481,56.509
orth3696_1155-1653,2,177,"103,23","326,24",TGCGTACYATTGTYGAAATGGAA,YAAATTCTGTACRAAAGTTATTGG,53.245,54.148
orth3696_1155-1653,3,176,"103,23","326,25",TGCGTACYATTGTYGAAATGGAA,YAAATTCTGTACRAAAGTTATTGGR,53.245,55.566
orth3748_1966-2519,3,220,"188,21","454,26",NAACGATGTVGGYGAAAAGGA,TCATGTTGHACRCCATATTTCATRAT,54.562,53.471
orth3767_964-1531,1,178,"309,20","526,20",GTACAYAAGACTGTACGTGC,GGACAACGCCAATTGTAKAG,55.354,56.223
orth3767_964-1531,2,174,"313,20","526,20",AYAAGACTGTACGTGCTGCY,GGACAACGCCAATTGTAKAG,56.096,56.223
orth3767_964-1531,3,174,"313,20","526,20",AYAAGACTGTACGTGCTGCY,GGACAACGCCAATTGTAKAG,56.096,56.223
orth3795_680-1213,3,184,"205,21","427,18",YCAAGTTGARTGGGAYATGTC,WGGKGCCCAWGCATCAGC,55.039,55.605
orth3814_815-1335,1,171,"12,19","220,19",GATTCGCCAGACACCTTTC,GGCTCATCCGCCTTRTAGG,56.328,55.312
orth3814_815-1335,2,268,"36,20","343,20",CTRTATTCGCCAGCGTTTGC,GGCAANAGATCGTAKGCCAT,55.999,54.796
orth3814_815-1335,3,380,"36,20","455,20",CTRTATTCGCCAGCGTTTGC,MGCRATATGCTCATGHCGCA,55.999,55.176
orth3819_0-468,2,207,"1,20","247,20",TGGGTATGGTACARAARCGT,TGCACTTTGGTRCGRAAGTG,53.998,56.070
orth3819_0-468,3,207,"1,20","247,20",TGGGTATGGTACARAARCGT,TGCACTTTGGTRCGRAAGTG,53.998,56.070
orth3833_2227-2635,3,162,"20,22","222,19",TGGGTAARCAAACTATGGGYAC,WATCATRGCATCCTCCATR,55.148,53.929
orth3835_0-577,2,337,"30,20","404,18",YTGGACTATTACCAGCGHAT,DATTTGYAAATGACCCCA,55.529,54.585
orth3835_0-577,3,336,"30,20","404,19",YTGGACTATTACCAGCGHAT,DATTTGYAAATGACCCCAY,55.529,55.971
orth3835_627-1118,3,320,"19,20","376,18",WAGTTCAATTGGHATGGCSA,BAGYTCCCARCGTTCGTA,56.270,53.221
orth3851_333-778,3,172,"207,21","421,22",RAAAATGGGAGARCTWAAGAC,AGATCATRCCRCCCCAKCGTGT,55.648,54.991
orth3862_768-1245,1,161,"85,21","286,20",GCTACACTTTGACHAGCATGT,TCNGGTGGCACTTTGGTGAG,54.857,54.784
orth3862_768-1245,2,162,"85,21","287,20",GCTACACTTTGACHAGCATGT,RTCNGGTGGCACTTTGGTGA,54.857,55.329
orth3862_768-1245,3,162,"85,21","287,20",GCTACACTTTGACHAGCATGT,RTCNGGTGGCACTTTGGTGA,54.857,55.329
orth3864_1755-2219,2,311,"60,22","412,20",TGGAACAGGCTRTWTGTGATGT,ACCRATACCGGGTATCACGT,53.680,56.111
orth3864_1755-2219,3,327,"42,24","412,20",TGCGTGCYGGYGAAACMATGGAAC,ACCRATACCGGGTATCACGT,55.717,56.111
orth3911_0-420,3,162,"41,20","242,20",AAARCGWGCRCAACGCGCCA,WCCRGGTGCTTCGTTCATCA,55.942,56.362
orth3940_53-644,1,362,"32,20","433,20",CCTTAACTATAGGGTGCGGA,CCTCTACCCATTGGYGTCAT,56.122,53.251
orth3940_53-644,2,486,"32,20","557,20",CCTTAACTATAGGGTGCGGA,CATCATRCCGGGTGGBGGTC,56.122,56.060
orth3940_53-644,3,486,"32,20","557,20",CCTTAACTATAGGGTGCGGA,CATCATRCCGGGTGGBGGTC,56.122,56.060
orth3955_2209-2719,2,168,"125,22","332,18",RAAGGAWGATTTGAAAGAAGCT,RCGATCRGTCCAAGCAGG,56.030,53.163
orth3955_2209-2719,3,165,"125,22","332,21",RAAGGAWGATTTGAAAGAAGCT,RCGATCRGTCCAAGCAGGNGC,56.030,56.827
orth3968_0-443,3,217,"90,20","347,21",TTGGGTGGTYTWHTGGCGCC,KCCAATYAAATTTTGYTGCCA,55.554,53.200
orth3973_238-815,2,352,"13,20","404,20",TTYAAAATGCCGCGTGTKGT,TGCAWWGCACGTCGTTCATC,55.992,56.187
orth3973_238-815,3,352,"13,20","404,20",TTYAAAATGCCGCGTGTKGT,TGCAWWGCACGTCGTTCATC,55.992,56.187
orth3991_338-757,2,196,"47,26","291,23",GAGAGYTTAGCWACAGTTGAAGAAAC,TGACACARCTTACGGAARTTTGC,54.786,55.014
orth3991_338-757,3,199,"46,24","291,23",SGAGAGYTTAGCWACAGTTGAAGA,TGACACARCTTACGGAARTTTGC,54.442,55.014
orth4000_735-1287,3,388,"2,20","429,20",HCTCAARCAAGTRTGGCCCA,TCAADCCGGGCATATCCATR,55.896,55.896
orth4009_501-1003,3,236,"112,23","392,22",GAAGTHAARCCVATGATGGTTGT,GCCATGCGHGTHACYTCACCAC,53.379,56.065
orth4014_189-631,3,287,"49,20","378,23",YATGCGYGGTGGYAAAAATC,TGTGGACTRAAYTTHACATCACG,56.824,55.465
orth4020_82-539,2,242,"118,20","399,20",TGCCTHTGGTTCTCACGHAA,DCCCAACATKGCCATACAAA,55.408,55.093
orth4020_82-539,3,223,"137,20","399,20",ARGGRACACATCGYGCCACG,DCCCAACATKGCCATACAAA,56.048,55.093
orth4021_389-979,3,180,"157,21","379,22",RATGGCWGTGAAACGYATACG,KGGTATACGTTGYTGTTTACGY,56.598,53.874
orth4054_248-811,1,211,"98,20","348,20",TTGTGCCGTGAATACTGYAT,GACCATGGATTGTARCCCCA,55.696,55.634
orth4054_248-811,2,171,"270,20","480,20",GTTGGTTCTGGTCTGCAACN,TAGCARGCRACATCGTGCCA,55.981,55.922
orth4054_248-811,3,171,"270,20","480,20",GTTGGTTCTGGTCTGCAACN,TAGCARGCRACATCGTGCCA,55.981,55.922
orth4087_297-815,3,232,"243,22","516,20",TGGTRGTAATGCCRCGYATGGG,TGCACCATATAGAAMAGCCA,55.009,55.379
orth4100_0-468,3,172,"89,20","300,20",CGATGTGYTGGAAGCGCGWG,CAGACATGCTGGTRAAYGGB,56.614,54.391
orth4102_1646-2162,1,268,"17,21","325,20",ACAAAAGYAAGTCTTCCTGGA,GCCAACGATAACGATCRCGC,55.281,55.721
orth4102_1646-2162,2,268,"17,21","325,20",ACAAAAGYAAGTCTTCCTGGA,GCCAACGATAACGATCRCGC,55.281,55.721
orth4102_1646-2162,3,160,"305,20","504,20",TGCGYGATCGTTATCGTTGG,YTTATTCCAYGTCGGCGTYA,55.556,55.108
orth4121_206-666,1,192,"38,20","270,21",TGCATCCCARGAGAAAGTGT,AGACCTTAATGTGRAACTCGA,54.650,54.926
orth4121_206-666,2,248,"143,20","430,20",TAARACACACACCATGGAGG,CCCTCCTCRATBACCTCGAA,56.237,55.266
orth4121_206-666,3,295,"96,20","430,20",GCCGGTTAYAACGGYACVAT,CCCTCCTCRATBACCTCGAA,55.938,55.266
orth4128_987-1398,3,216,"62,19","317,21",YAGCGTWCAGYTGGATGTG,YTTGCGHGCRAATTCCTGATT,55.774,53.246
orth4150_0-460,3,159,"198,20","400,24",GAAGCCCTGGAGCATATWAT,AGTGGRCCRAAGAACATRCATTCA,55.985,54.032
orth4188_359-865,2,235,"1,21","277,21",TCCATGGCARGACTTRAAGGA,RAAATTTTCRCGATCTTGTGG,55.906,53.114
orth4188_359-865,3,213,"16,21","268,19",RAAGGAAGATTACGGYAARGG,RCGATCTTGTGGVCGDCCA,56.044,57.032
orth4209_972-1407,2,293,"7,20","339,20",TGGTCTACTTCGARAAYAGC,CCGATTGTGTRACCATMGCC,55.181,55.927
orth4209_972-1407,3,293,"7,20","339,20",TGGTCTACTTCGARAAYAGC,CCGATTGTGTRACCATMGCC,55.181,55.927
orth4231_2291-2693,3,191,"56,24","290,20",RCTCAATCCYAAYTCTGTGATGGA,DGACGCCAACTGRTTGAGWA,56.184,56.057
orth4267_391-857,3,162,"170,21","372,20",TGACTGAWATYATYACCAACG,RCCATCACCGTGYAATTCYA,55.034,55.690
orth4281_1069-1483,2,181,"177,20","397,20",RTTCCAAGAGATGTTCGATR,TCTTCATGTGATGCCARCGR,53.773,56.070
orth4281_1069-1483,3,290,"67,21","397,20",CTCACYATGCABAGYATGGGT,TCTTCATGTGATGCCARCGR,55.734,56.070
orth4283_472-933,2,284,"20,20","346,23",RCATTGGATTTGGAAGAATY,CGTGGAAAKATYTCAATCATCGG,53.226,55.438
orth4283_472-933,3,341,"20,20","401,21",RCATTGGATTTGGAAGAATY,RTGBGTCTGTGGTGAACCRCC,53.226,54.222
orth4288_641-1103,3,354,"57,21","452,21",RCTCATHATGGAYAAGTATGG,ACCAAYACATTCCAACASAGR,54.922,55.723
orth4326_0-480,2,305,"132,19","475,20",ATTCCCGGHAAGAAGGGHA,TCAGTGGCWGCCATWGCACG,56.601,55.881
orth4326_0-480,3,291,"135,20","465,20",CCCGGHAAGAAGGGHACYGC,CCATWGCACGTGCCTGWGCH,56.263,55.936
orth4354_1213-1754,2,330,"63,26","438,20",AATTACAAAATAAACGCYATMATACG,TYAAACGATCCCARACATCT,53.347,54.466
orth4354_1213-1754,3,229,"168,22","438,20",RGCGTATTTTTCTGYGTCAAYA,TYAAACGATCCCARACATCT,53.993,54.466
orth4354_2057-2467,2,184,"37,22","262,20",GCAGYAATACRAAATATGCGCC,GGTGCDGCCGAYAAAATGGC,55.228,56.706
orth4354_2057-2467,3,231,"104,20","374,20",RATYGCCGATGCTTTRGAGA,BGGTGGCACRAAGAATTGYA,54.927,55.025
orth4357_155-602,3,307,"93,20","443,24",GAAACAGGCAACAAYCCCTT,YAARCTTCTGGGRTCATAATAAGC,55.500,55.289
orth4368_3489-3904,3,178,"71,20","290,22",CNATGCCTGCCGCRAAGAAY,ACTTCAGTCATKGGKAGVGGCA,56.053,54.773
orth4375_107-596,1,276,"13,21","329,20",TGAAGCAGTACAAAAATGGTY,ACGCATTTGTATCTGHAGCA,54.388,56.085
orth4375_107-596,2,276,"13,21","329,20",TGAAGCAGTACAAAAATGGTY,ACGCATTTGTATCTGHAGCA,54.388,56.085
orth4375_107-596,3,276,"13,21","329,20",TGAAGCAGTACAAAAATGGTY,ACGCATTTGTATCTGHAGCA,54.388,56.085
orth4432_1749-2215,2,250,"174,20","463,20",GATCAYAATACGCGCACRAC,TGYGTGCGCGGATCYTCCCA,54.786,55.978
orth4432_1749-2215,3,251,"173,20","463,20",BGATCAYAATACGCGCACRA,TGYGTGCGCGGATCYTCCCA,56.083,55.978
orth4434_522-996,3,250,"37,23","329,20",TGAAYTTYCTYGGCTGGGGTATG,AATCGATGGCCAACCRCCAG,53.282,56.119
orth4497_730-1158,2,168,"47,21","256,21",TGGTCGCTSGGYGTCATCATG,GATTGTCARACGYTTGGTGGG,55.149,55.819
orth4497_730-1158,3,187,"140,20","366,20",CGYATACGYACCGGTCAATA,TGYACCTCCGGCCAWGTYTC,56.057,55.654
orth4516_577-1023,3,244,"59,24","349,23",WTTTGATGAAGTDGACAAAATGCC,WARTGATCRATTACATGTTGCTC,55.872,53.612
orth4560_325-772,3,260,"107,20","404,18",RTTYGGTGGYAAATGGACGC,RAADACCACAGGCCARTC,55.992,56.245
orth4574_3056-3631,2,162,"370,23","573,19",TCACARCGYGAATGCAATAATCC,NCCATACTTCGGTATCCAY,53.882,55.528
orth4574_3056-3631,3,339,"196,20","574,20",AGCAGCAAYCTRCCVTGGGC,RNCCATACTTCGGTATCCAY,53.150,54.988
orth4586_1315-1871,3,328,"22,20","390,21",TCDCGHATHATGCGTCGTCG,WACCCACTTTGTWAGYTTTAT,56.051,53.430
orth4597_0-432,3,154,"79,25","280,23",TATATAATGTWGAYGGTGGHCACCG,ATACGYAATGTRATGTTKACATT,53.000,53.221
orth4606_5304-5769,3,286,"20,24","350,21",DTGGTCYAGCGAAGTDTATGAGAC,YAATTCTGARTGATGCATWAC,56.063,53.581
orth4628_846-1306,2,256,"87,20","382,20",GGCAAACAAYTGGCBATGCT,TCCACATGWCCCATKGGCTG,53.720,55.556
orth4628_846-1306,3,258,"86,20","383,20",BGGCAAACAAYTGGCBATGC,RTCCACATGWCCCATKGGCT,55.053,55.807
orth4657_187-701,3,229,"34,20","303,21",GTRCCGGCTTCHCAACGYCC,YCCAGARGCAATCATTTCATC,54.272,54.357
orth4662_473-932,3,350,"52,20","439,18",DCCAGATCCRCGHGATGGCA,YGGCGTCATKGTGTGYGC,55.835,53.493
orth4678_410-876,1,358,"35,20","434,22",CCTCACTGGAAAKTGGCAGA,GCAGAGATTCGMGATAGGTTCC,55.352,55.665
orth4678_410-876,2,369,"35,20","443,20",CCTCACTGGAAAKTGGCAGA,RCAKGGATTGCAGAGATTCG,55.352,55.665
orth4678_410-876,3,369,"35,20","443,20",CCTCACTGGAAAKTGGCAGA,RCAKGGATTGCAGAGATTCG,55.352,55.665
orth4714_1109-1532,2,161,"18,20","218,20",GGTGCSAAAATYATGTTGCC,RCGCGGATAHGTATCTCTCT,53.285,55.105
orth4714_1109-1532,3,170,"17,21","227,20",YGGTGCSAAAATYATGTTGCC,RCCCCATTTRCGCGGATAHG,56.180,56.708
orth4727_313-911,3,273,"240,20","554,22",YGACGAGGTGGCMGATATGA,TCCATBGCVCGATAYTCCGGCT,53.859,53.480
orth4736_129-635,2,191,"235,20","465,20",WGAGGATATGTTGGGYCGTG,TCGTTATGTGGCARACCRGC,56.195,54.472
orth4736_129-635,3,186,"274,20","499,20",GCCCATYGACAARGGTCCCC,YAAACCRGCTTGACGACARA,56.017,56.030
orth4746_326-868,3,365,"55,21","460,20",YAAACACATCAATATCGAYCC,RAAGGCACTBACNGTCCACA,55.218,57.271
orth4747_174-683,3,170,"253,20","466,24",RTGYCATCCATTGGGHAGTT,BTTCTTGCAGAAYTCATAGAAWGC,54.307,53.160
orth4762_62-632,2,194,"129,22","364,20",GAAAGCACCACHTGGATACCGA,CGRAAWCCATTCTCATCGGC,55.718,56.396
orth4762_62-632,3,277,"48,20","364,20",TCGCARCAYCAYCACGGTCA,CGRAAWCCATTCTCATCGGC,56.579,56.396
orth4764_359-943,3,484,"58,21","582,20",TGCGCGHGARTGYAACAATCC,YAATTTGTTGGYAGGAAAGT,55.426,56.035
orth4820_495-913,1,203,"139,20","381,20",ATCAAATGGCTGTGCTTTCA,CGCATCAGAACCGGCYTGAT,56.204,55.807
orth4820_495-913,2,203,"139,20","381,20",ATCAAATGGCTGTGCTTTCA,CGCATCAGAACCGGCYTGAT,56.204,55.807
orth4820_495-913,3,203,"139,20","381,20",ATCAAATGGCTGTGCTTTCA,CGCATCAGAACCGGCYTGAT,56.204,55.807
orth4832_1360-1816,3,347,"28,22","416,20",TCGTYTACACYTGCGGYATCGA,NGCATCGCAWGCNACCAAAT,53.529,56.024
orth4851_148-700,3,256,"97,23","398,23",CTTGGYTTAGGNGGYAAACCTGA,KTTTGYGGRTCCATTTTGGCAAA,53.270,53.807
orth4870_1075-1658,3,179,"203,20","421,20",YCAAGAATTCGTTTGGGCWY,TGCACTTCDATRCGWCGCAC,54.635,54.307
orth4878_0-475,1,186,"16,20","243,22",ACACTGCGTCGTTCTTYGAG,ACTGTTTCCAYTTCATGGTCTG,56.013,54.656
orth4878_0-475,2,189,"16,20","244,20",ACACTGCGTCGTTCTTYGAG,RACTGTTTCCAYTTCATGGT,56.013,55.204
orth4878_0-475,3,189,"16,20","244,20",ACACTGCGTCGTTCTTYGAG,RACTGTTTCCAYTTCATGGT,56.013,55.204
orth4884_685-1234,3,179,"243,20","462,21",CATGTGCGRCGYGGTGCRAC,YCGGCATWGCAGTCTTRTTGT,55.908,56.214
orth4890_520-957,2,164,"152,21","359,23",BATACACACAACYAACGATAA,YGGATCAAGTAATTGDGCAATCA,53.614,54.788
orth4890_520-957,3,163,"152,22","359,23",BATACACACAACYAACGATAAY,YGGATCAAGTAATTGDGCAATCA,54.829,54.788
orth4912_1824-2337,3,284,"143,20","469,23",DGGYAGTTCCATTTACGGTT,TCCATYAATTCCAACATRCTYGC,56.252,53.138
orth4941_89-506,3,297,"1,22","341,22",GTCTVGAGCGVATCAARCAGCA,YGCTTCCATMAYTTCATAAGGC,56.161,54.772
orth4962_280-736,2,198,"23,20","260,20",YATGGAACGTGTTGCRTCTG,RCTGTGGCACTGTTCRCAAA,55.915,55.779
orth4962_280-736,3,198,"23,20","260,20",YATGGAACGTGTTGCRTCTG,RCTGTGGCACTGTTCRCAAA,55.915,55.779
orth4984_5844-6440,2,169,"194,21","403,20",NGATGCKCCCAAACACAATCC,GCNAGCCAATTRCCCGATGG,56.019,56.432
orth4984_5844-6440,3,160,"194,21","394,20",NGATGCKCCCAAACACAATCC,TTRCCCGATGGKGCRACCGT,56.019,55.595
orth4990_2593-3170,1,187,"197,20","429,26",GTDACACAATTCAAACCCGA,ACCTCTTCATARTAGATTTTGTAGCC,55.451,55.188
orth4990_2593-3170,2,189,"199,20","430,23",DACACAATTCAAACCCGAYT,MACCTCTTCATARTAGATTTTGT,55.916,53.249
orth4990_2593-3170,3,161,"187,20","388,21",YCAGGCRCTCGTDACACAAT,YGGTTGYARTGGTTTCTTCCA,56.396,54.848
orth4992_398-967,2,293,"58,20","393,23",CGAGTGGTTRACTGCRACTG,TCATCAGAKGGYACCATAACACA,56.034,55.699
orth4992_398-967,3,209,"4,20","253,21",TCCACACTTCTTCAATCAGC,RGGGAACATTTTRTGRCGTGC,55.675,54.731
orth4997_2106-2538,3,225,"65,20","330,21",TGARCGYATACGTCGDATGG,RTTCACCRTGTCCCGCWACCA,55.160,56.278
orth5003_5542-6120,3,323,"44,24","410,20",WAACTCYTTCATCTCRGCCATGTC,RGGATCCCAYGGATGYGACT,53.941,53.300
orth5016_686-1104,3,162,"176,22","382,23",GTGCAGGAGAGYGCWCAATGGT,BCGTGGYGTTYTAAACATATCCA,56.231,53.237
orth5036_1469-1877,2,164,"148,22","353,20",TGGCWCAATGGAGYATTGATCG,GCGYACATCRTCCCACGACA,55.487,55.719
orth5036_1469-1877,3,162,"152,20","353,20",WCAATGGAGYATTGATCGHA,GCGYACATCRTCCCACGACA,55.433,55.719
orth5045_1973-2503,2,321,"152,20","512,20",CCVCAAATGCGTGCACARCG,CCAACTCCCGCATCTTRGTY,55.777,56.080
orth5045_1973-2503,3,317,"156,20","512,20",AAATGCGTGCACARCGYACW,CCAACTCCCGCATCTTRGTY,56.172,56.080
orth5054_72-630,3,350,"13,21","403,20",TGATGCCGTYGARGARCGTGT,WACACAHGCATTTTGKGGCA,54.476,56.033
orth5071_293-822,2,214,"1,21","262,27",GCGTCTACTATTTGTCTCTGG,TGTGCGAAAATRCCRTATTCATAACGA,55.911,55.075
orth5071_293-822,3,366,"1,21","407,20",GCGTCTACTATTTGTCTCTGG,NACCCACTTCTTRCCYTCGG,55.911,55.242
orth5094_0-435,2,193,"135,20","367,20",GCGCAACATTTRATYGATGC,GGYCCCATCATTGGVCCCAT,53.436,55.628
orth5094_0-435,3,193,"134,21","367,20",RGCGCAACATTTRATYGATGC,GGYCCCATCATTGGVCCCAT,56.264,55.628
orth5103_1641-2234,3,330,"213,20","582,20",ATGCAYGTHATGGCTGARCG,ACCAWGTBGCTGCCACCAAR,54.266,56.101
orth5137_610-1069,2,387,"12,20","440,22",TTGGAACGHATGCATCCKCG,YAARTGACAACCAATATGTTTG,55.063,53.617
orth5137_610-1069,3,386,"13,20","440,22",TGGAACGHATGCATCCKCGY,YAARTGACAACCAATATGTTTG,55.898,53.617
orth5173_1473-1922,3,166,"190,21","396,20",YAAGTTGAATCGRCTHAAAGT,TGCGCTGTKGCAGYYAAATG,55.001,54.715
orth5180_346-761,2,160,"204,20","403,20",SAATCAATTGGCRCGTCTCA,TCGCTGCACGYTGYTGGAAT,55.751,54.725
orth5180_346-761,3,167,"204,20","410,20",SAATCAATTGGCRCGTCTCA,TGRAARATCGCTGCACGYTG,55.751,56.048
orth5198_370-775,2,207,"155,23","404,20",AGTGGATATGGTSCAYTTGCGTC,TCAGTCCTTCGGCARATTRC,56.016,55.571
orth5198_370-775,3,215,"149,21","404,20",YAAYAAAGTGGATATGGTSCA,TCAGTCCTTCGGCARATTRC,54.952,55.571
orth5231_1984-2464,2,214,"179,20","438,26",YAGCATTTTGAARACGAATG,AGTTATCCATMACYAATTGATTGTCA,56.467,54.887
orth5231_1984-2464,3,161,"48,22","248,18",GATCAAGTRCARCARGACGCCT,RCGTCCCAACTGWATYAC,54.409,56.051
orth5233_472-979,3,241,"41,21","323,21",RAARCGCACATTYTTACGTCA,SGATTGYAAATCGAGHGCACC,55.550,55.365
orth5240_2450-3042,3,392,"100,20","531,20",RTGCGGMATTYTGGGCAAAT,ACATTBACGCCDAGBGGTCC,55.930,54.150
orth5277_1851-2400,2,319,"138,20","494,18",ACCACATTCTAYCGGCACAT,YAAGAAACGWGCTTGTGA,55.984,53.829
orth5277_1851-2400,3,317,"138,20","494,20",ACCACATTCTAYCGGCACAT,YAAGAAACGWGCTTGTGARC,55.984,54.918
orth5282_111-683,1,400,"125,20","562,18",GCVATTTGGTTGCAAGGTGG,CAACAATGGCGCCCAWGC,56.442,57.907
orth5282_111-683,2,392,"134,20","564,19",TTGCAAGGTGGYCCMGGTGC,ARCAACAATGGCGCCCAWG,56.008,55.618
orth5282_111-683,3,382,"134,20","555,20",TTGCAAGGTGGYCCMGGTGC,GGCGCCCAWGCCAAHACBGA,56.008,57.216
orth5432_231-663,2,193,"76,21","309,20",HAAGTGGAAAGCVAATGATAA,GAATGNCCATGDCCGTGTTG,53.784,53.483
orth5432_231-663,3,197,"73,21","310,20",YACHAAGTGGAAAGCVAATGA,KGAATGNCCATGDCCGTGTT,54.373,54.760
orth5432_713-1219,2,203,"66,21","309,20",RCAATTCACAAATTATGCGTG,TGATAGCAYTGBGGCAGCGC,55.792,56.145
orth5432_713-1219,3,199,"66,21","305,20",RCAATTCACAAATTATGCGTG,AGCAYTGBGGCAGCGCDCGA,55.792,56.041
orth5448_53-543,3,280,"9,20","334,26",ATGCTGCARGGACAYGAGCG,TCTGTAGAGTAWGCMGCTTGATTRCC,56.682,53.745
orth5448_593-1081,3,377,"22,18","436,20",HATTTGGGAYATWCGCAA,DAAACCRTCCTCACCACCTG,54.587,56.578
orth5478_332-823,1,242,"145,20","426,20",AGCGCYAGTTCCTATTTGCA,YAAAAGTCTTGAGTTTCTCA,56.104,54.790
orth5478_332-823,2,242,"145,20","426,20",AGCGCYAGTTCCTATTTGCA,YAAAAGTCTTGAGTTTCTCA,56.104,54.790
orth5478_332-823,3,210,"145,20","394,20",AGCGCYAGTTCCTATTTGCA,CGTGYCGRAACATGCCVCCA,56.104,55.587
orth5478_873-1316,2,380,"20,20","439,20",AGCATGCGCAARGATCGYGT,CATTGGAATSCGRCGCACCA,55.785,55.976
orth5478_873-1316,3,380,"20,20","439,20",AGCATGCGCAARGATCGYGT,CATTGGAATSCGRCGCACCA,55.785,55.976
orth5489_191-637,2,248,"36,23","326,20",TGTGCKGGYCTCAATATTGTGGA,CTCCGATTGCACCAGGTAYG,53.598,56.024
orth5489_191-637,3,230,"170,20","440,21",YGCTGTDAAATTTTACCCAC,WGTCTTGTGCAARTCCATRAC,54.283,54.694
orth5522_258-786,2,224,"101,20","366,22",TCGTGGCCRAATGTDGTGCT,TGCAARCCRAACACCATATTCA,55.889,53.462
orth5522_258-786,3,199,"101,20","339,20",TCGTGGCCRAATGTDGTGCT,TTSCCCTTRAACCABAGCAC,55.889,54.805
orth5543_0-504,3,209,"170,20","416,18",KCATGCGAATCCWTGCATCA,RCACCAACCGAADATYAA,55.043,54.099
orth5561_548-968,1,234,"28,20","301,20",YCAATACAAGAAGGACGGTT,DGTACCCTCCAAGTAGACAT,56.789,55.921
orth5561_548-968,2,209,"53,20","301,20",TTCGCYAAGTGGCGTTGYGT,DGTACCCTCCAAGTAGACAT,56.122,55.921
orth5561_548-968,3,210,"52,20","301,20",YTTCGCYAAGTGGCGTTGYG,DGTACCCTCCAAGTAGACAT,56.069,55.921
orth5584_576-1106,3,232,"148,20","426,27",MATWCTTTGTGGGCGTAAAT,GACCATTCWCCWATSCGTTGATTAATT,56.691,53.010
orth5588_1577-2115,3,304,"120,18","461,20",YGGTCGCGARCCRTGGAC,TCACAGGTTTTGCAGTGKAT,53.642,56.103
orth5677_2277-2735,2,232,"111,20","382,20",GTACCCGAAAAGMCACGTGA,CAAYTCGGRCAATTCCAGCC,56.042,53.239
orth5677_2277-2735,3,233,"111,20","383,20",GTACCCGAAAAGMCACGTGA,RCAAYTCGGRCAATTCCAGC,56.042,54.621
orth5693_221-722,3,167,"203,26","416,21",YGATCGNGAAATACCAACRCAAATTG,WGCTTTTGTGCCAAAATTDCC,53.945,56.288
orth5703_442-950,3,216,"249,19","504,21",RCCACGTTAYCGCATVATG,VGATTGCTGRAAWATCTCATT,55.864,53.910
orth5766_3486-3921,2,205,"12,20","254,18",GCYGGCGCTGGTTTYAATGT,DGCCAATTGCATDAGTTC,55.754,53.483
orth5766_3486-3921,3,350,"16,20","404,19",GCGCTGGTTTYAATGTRAAY,KATMGCATTCTGACADGGC,56.060,53.328
orth5772_2851-3297,1,405,"0,19","443,20",GTGTTGGCGATCGYCACTT,ACTTTCGCCAATACTGWGCT,56.575,54.535
orth5772_2851-3297,2,404,"1,19","443,20",TGTTGGCGATCGYCACTTR,ACTTTCGCCAATACTGWGCT,55.968,54.535
orth5772_2851-3297,3,404,"1,19","443,20",TGTTGGCGATCGYCACTTR,ACTTTCGCCAATACTGWGCT,55.968,54.535
orth5803_0-465,2,270,"31,20","341,21",GCGACCACACAYTGGAYAAA,AGCATAHACATGYCCTGTGTC,55.771,55.107
orth5803_0-465,3,270,"31,20","341,21",GCGACCACACAYTGGAYAAA,AGCATAHACATGYCCTGTGTC,55.771,55.107
orth5819_2136-2590,3,333,"18,21","391,20",HAAACGTGAAAAGVADGATCT,RCATTTCGCCAACRCGTAYA,54.123,54.888
orth5822_170-572,2,269,"84,19","393,22",GGCGCACACATMGCWACAC,TGCAATTCATRAAACAYGTGGA,56.055,53.856
orth5822_170-572,3,160,"75,20","274,20",GGHTGYCGBGGCGCACACAT,GGTATCCABGGCTGCCARCT,56.049,56.122
orth5826_472-1030,3,207,"74,19","320,21",BAARCCGAATGTWCATCGT,NACYACATCGATRAATTCATC,54.648,53.395
orth5842_0-480,1,192,"9,19","239,20",TCAAAGGGTTATCGYCGCG,YACACGTTTGTTTACAATGA,56.068,56.177
orth5842_0-480,2,166,"34,20","239,20",GRGACATGTTCTCGCGYCCC,YACACGTTTGTTTACAATGA,56.401,56.177
orth5842_0-480,3,185,"15,20","239,20",GGTTATCGYCGCGGYACYCG,YACACGTTTGTTTACAATGA,55.988,56.177
orth5854_912-1460,2,255,"116,20","410,20",MATTGCATTGAAACGAARGT,GATCCAAYGTTTCGCGCATR,54.535,55.630
orth5854_912-1460,3,254,"116,21","410,20",MATTGCATTGAAACGAARGTM,GATCCAAYGTTTCGCGCATR,55.547,55.630
orth5855_198-775,2,167,"347,20","553,20",TCGGCTGARTTCTTYGCCGA,YTCGAAGCASGCGAATTTCA,55.074,55.370
orth5855_198-775,3,167,"347,20","553,20",TCGGCTGARTTCTTYGCCGA,YTCGAAGCASGCGAATTTCA,55.074,55.370
orth5860_379-883,2,176,"269,20","485,21",TCGYACAAARATGCAGTCAC,KGCCATAAAGCTAAAWCCAAA,56.117,53.784
orth5860_379-883,3,175,"269,20","485,22",TCGYACAAARATGCAGTCAC,KGCCATAAAGCTAAAWCCAAAY,56.117,54.997
orth5906_315-718,3,158,"6,20","206,23",RGGCAGCAAATTCCAYCGYG,GTGGTRATRAAGAAYTGTGAACC,56.270,54.135
orth5927_787-1239,3,241,"74,22","356,20",ACTCTCGTGGATACCRAATCTS,HACACCMGACATRCCCTGAC,54.886,54.940
orth5948_933-1413,2,203,"53,24","299,20",YAAAACAYTAGGTGAAAATCATCC,WATYTCTAATGCACGTTGGT,55.964,55.275
orth5948_933-1413,3,203,"53,24","299,20",YAAAACAYTAGGTGAAAATCATCC,WATYTCTAATGCACGTTGGT,55.964,55.275
orth5987_2705-3146,2,222,"111,19","371,20",TGGTGYTGGGGTGGYGAAC,RCGCTCYTTGTCGGGGAATT,53.124,56.723
orth5987_2705-3146,3,222,"110,20","371,20",RTGGTGYTGGGGTGGYGAAC,RCGCTCYTTGTCGGGGAATT,55.115,56.723
orth5990_1124-1541,3,260,"90,20","387,18",TTCAATGGCRCCCGAACAGY,RCCACARACTTTRCACGA,55.372,53.733
orth6000_0-432,2,175,"206,21","424,23",WAARTCAATGAAAACAATGGG,GTTTTATCCCAHGARCCAGTCAT,53.252,53.340
orth6000_0-432,3,175,"206,22","425,23",WAARTCAATGAAAACAATGGGH,WGTTTTATCCCAHGARCCAGTCA,54.895,55.420
orth6024_944-1426,3,292,"87,20","417,19",YATGGARAATGGCATWGAAG,DGCTGCYTGCARCCATTCC,54.765,53.262
orth6035_610-1196,3,273,"73,20","387,22",AATGGCYTGGAVGAGGCGCG,SACCATATTVGCAATRCGAAAA,56.162,53.574
orth6089_1834-2370,1,265,"44,20","346,18",GAGCTCAGCATATCCGATTG,ATTCGGACARCTTTCGGC,56.178,54.049
orth6089_1834-2370,2,265,"44,20","348,20",GAGCTCAGCATATCCGATTG,ARATTCGGACARCTTTCGGC,56.178,56.479
orth6089_1834-2370,3,261,"44,20","344,20",GAGCTCAGCATATCCGATTG,TCGGACARCTTTCGGCKAGY,56.178,56.093
orth6118_449-928,3,221,"168,27","435,20",CATCAAYGAAATACTBGAYATCGATGT,YTCCACCGAATTNGCCATRA,53.825,55.097
orth6136_383-795,3,182,"106,21","328,20",YCACGARCCAATTACKTCGCT,GAAATCGCGCGCWATWCGYG,53.788,55.180
orth6226_2097-2592,3,179,"240,20","458,20",TGGGGYATGTCGGAVAARGT,YGCGTCDAGVGTTTCGTACT,55.951,53.270
orth6334_293-870,2,298,"181,18","516,20",RACCGCRCTCATACACGA,TCGCCRCCATTRTGCCATGG,56.064,54.523
orth6334_293-870,3,295,"181,20","516,21",RACCGCRCTCATACACGAYC,TCGCCRCCATTRTGCCATGGR,56.904,56.152
orth6349_280-753,3,337,"50,21","431,24",SGGCTGGAATGCHTGCTCHAG,BACATCRAAATAYGGTTGATACCA,55.116,54.427
orth6350_892-1317,3,235,"45,23","322,20",ATTGTDGCCTATGCRACRGAGCG,CACCARACAATYGGATCGCC,53.166,55.852
orth6361_1533-2124,3,163,"263,22","467,20",TGGCACACAAATYGSCATCGAY,YGCSACGAABACCTTCATCA,55.461,55.510
orth6403_384-860,1,397,"36,20","472,20",TGTCCCTCWACACAAATCGA,TTGCGACGRTACTCTGGACG,54.690,57.218
orth6403_384-860,2,333,"101,20","473,20",RMAGCCATTGTACCTGAATT,YTTGCGACGRTACTCTGGAC,56.063,56.033
orth6403_384-860,3,333,"101,20","473,20",RMAGCCATTGTACCTGAATT,YTTGCGACGRTACTCTGGAC,56.063,56.033
orth6403_910-1316,1,229,"68,22","339,21",TCATACGTCCACAAAAYGATGC,WCCAATATCACATTTTTCAGC,55.205,54.825
orth6403_910-1316,2,257,"63,20","359,20",YGTYGTCATACGTCCACAAA,GCGGTASACATTKCCTCCTT,53.429,55.246
orth6403_910-1316,3,255,"63,22","359,20",YGTYGTCATACGTCCACAAAAY,GCGGTASACATTKCCTCCTT,55.472,55.246
orth6419_175-650,1,350,"70,20","463,24",ATGTGTCATGTGTACGTRCG,TGCAACAKGAATTTGTCTTTTTGG,54.807,55.623
orth6419_175-650,2,349,"71,20","463,24",TGTGTCATGTGTACGTRCGD,TGCAACAKGAATTTGTCTTTTTGG,55.865,55.623
orth6419_175-650,3,349,"71,20","463,24",TGTGTCATGTGTACGTRCGD,TGCAACAKGAATTTGTCTTTTTGG,55.865,55.623
orth6421_656-1147,3,209,"37,20","291,26",TCCRCGCGGCTTGGARTACC,GCTAATGGRCGRTWCATATGGATGAC,55.981,55.318
orth6433_1718-2133,3,163,"117,18","317,20",YGCTTGGCAGGCMAGYGG,GCRCGWCCATTRCGATCGGC,55.823,54.895
orth6436_959-1416,3,344,"12,23","399,21",WCAACATTTGGAATTGWTACARA,DATYTTGCTTCCATTGTTRAA,53.468,53.336
orth6437_1612-2024,1,279,"39,20","356,19",TGGGAAGACBACATTGCTCG,TTCTTYTCACCACCCGACA,56.130,53.765
orth6437_1612-2024,2,279,"39,20","357,20",TGGGAAGACBACATTGCTCG,YTTCTTYTCACCACCCGACA,56.130,55.731
orth6437_1612-2024,3,193,"125,20","357,20",ARAAGTGGCGYCGYAAGATC,YTTCTTYTCACCACCCGACA,55.908,55.731
orth6458_3194-3618,2,185,"196,20","423,23",CGTTGGCGTYTRTTTCAGCG,AGTTGATARGCAGATCACATCCA,54.366,55.547
orth6458_3194-3618,3,186,"195,20","423,23",RCGTTGGCGTYTRTTTCAGC,AGTTGATARGCAGATCACATCCA,55.290,55.547
orth6458_68-583,2,397,"51,20","487,20",GCCACGCCTAATATACGYAA,GTTGTNACGCAGTCMCGATT,56.060,53.641
orth6458_68-583,3,398,"51,20","488,20",GCCACGCCTAATATACGYAA,HGTTGTNACGCAGTCMCGAT,56.060,55.699
orth6472_280-785,3,432,"1,26","480,22",TTTCTDCGTCAAYTGAATCATCCSAA,RGCAATGTGATAWAGVGCAGAC,53.490,56.151
orth6477_1940-2498,2,206,"16,22","263,20",YACAAGTGARGATTCAATGATG,TGCCCATACGATGRGCWCGT,54.865,54.780
orth6477_1940-2498,3,311,"121,20","471,20",YAATGGTCCVAARACTTGGA,GGDGTCCACGTTGTKGGWGC,56.152,53.203
orth6507_796-1234,2,195,"12,20","247,21",AGCGTHCTNTGGAAGGGAGC,ACTTTGCCAAAACGTTTTTGK,56.323,55.980
orth6507_796-1234,3,201,"12,20","252,20",AGCGTHCTNTGGAAGGGAGC,RKATRACTTTGCCAAAACGT,56.323,56.770
orth6512_1863-2264,2,164,"146,19","348,20",CATTTTATGGGCGGTCCTC,GGTATTTGRCTGCCGCAHGG,56.050,55.432
orth6512_1863-2264,3,165,"146,19","349,20",CATTTTATGGGCGGTCCTC,YGGTATTTGRCTGCCGCAHG,56.050,55.705
orth6513_1464-1985,3,209,"17,20","266,21",RAGYGATATGTGGCGHCAAG,AGACATAACCCAATTDGCCGM,55.080,55.215
orth6519_0-578,2,295,"153,20","487,20",GTKATCAGCGAACAATTYCG,GGCCAYAAATCTTTDCGGAA,53.296,54.253
orth6519_0-578,3,302,"147,20","488,20",MATCARGTKATCAGCGAACA,YGGCCAYAAATCTTTDCGGA,56.270,56.396
orth6521_198-623,3,270,"0,20","307,18",GGCTCTTYTGGCGTGTRCAY,DATDATGGCCAAGAARAG,55.777,54.687
orth6567_71-640,3,173,"86,20","302,24",RGTMATWGGAATGCGTGGAA,WGGTATTGTMCGTTCRAATTGTTG,55.130,54.647
orth6575_395-796,1,173,"91,20","304,21",TACCCTCGTCATACTCACAG,CATCGTACGTTTCACYGGCGA,55.804,56.027
orth6575_395-796,2,172,"91,20","302,20",TACCCTCGTCATACTCACAG,TCGTACGTTTCACYGGCGAR,55.804,55.112
orth6575_395-796,3,172,"91,20","302,20",TACCCTCGTCATACTCACAG,TCGTACGTTTCACYGGCGAR,55.804,55.112
orth6605_0-549,3,190,"2,20","233,22",GGTTGAGGAAGGCGGYTGYC,VAGCATWAGTATTTCRTAGCGT,56.183,53.920
orth6625_1502-2092,3,254,"129,22","426,22",TGACWAGTGCCTTYCARGCTTC,TCTCCATGVCGTATAAYATCCA,54.067,53.594
orth6659_1565-2023,1,227,"58,20","324,20",CGATATTGTCGCGYGAGACG,AATGCGGTTTDGATTGTGCG,56.144,55.804
orth6659_1565-2023,2,227,"58,20","324,20",CGATATTGTCGCGYGAGACG,AATGCGGTTTDGATTGTGCG,56.144,55.804
orth6659_1565-2023,3,227,"58,20","324,20",CGATATTGTCGCGYGAGACG,AATGCGGTTTDGATTGTGCG,56.144,55.804
orth6738_968-1388,1,184,"28,20","251,20",GYAGTGCCATATTGGGTGAT,TATAATGGCTTCGGCACAAC,55.796,56.202
orth6738_968-1388,2,226,"28,20","293,20",GYAGTGCCATATTGGGTGAT,YAATGTCGTSACATATTCCA,55.796,55.854
orth6738_968-1388,3,235,"19,20","293,20",TDATGGGWCGYAGTGCCATA,YAATGTCGTSACATATTCCA,56.119,55.854
orth6743_890-1482,1,470,"67,20","576,20",GCCGATCACATYAAAGTGTT,CATTTGACAVAGCAGATGCA,55.607,55.813
orth6743_890-1482,2,327,"145,20","511,20",GACATYAARCCCGGCAATCT,AKGATGGCAGYTTGGGTGCG,55.905,55.946
orth6743_890-1482,3,325,"147,20","511,20",CATYAARCCCGGCAATCTGY,AKGATGGCAGYTTGGGTGCG,55.965,55.946
orth6774_896-1447,2,257,"206,20","502,20",TGGCCYACATTRAATGACAG,KGGATCTTCRAGGTTTCGCA,53.065,56.093
orth6774_896-1447,3,257,"205,21","502,20",MTGGCCYACATTRAATGACAG,KGGATCTTCRAGGTTTCGCA,54.984,56.093
orth6782_1891-2361,3,185,"170,23","402,25",AAAGCTTTRATWAAACGYTTTGC,TCCTCTTGYGCRTCGCGTATRGTCA,53.085,55.545
orth6786_1104-1648,3,199,"276,21","515,20",RCCCGATAARCGTTTTGTMCG,GTWACCGCTAGYAACCARGT,56.749,54.693
orth6786_483-1054,3,206,"7,20","250,18",HAGTGCTGCTTGYATATTTA,BAGCATRCCCATRAACCA,55.417,55.975
orth6816_0-475,3,240,"26,21","305,19",YAGCAATCGHGCYATTGAACA,RTAGTGTACGGCATGYGCC,56.408,55.528
orth6832_700-1236,3,216,"209,25","469,20",CACATYATCTTYTGCACHGGCTACA,YTTCTCCARATCGGCRAACA,54.547,55.479
orth6846_604-1179,3,319,"116,18","472,20",DATGGATGARCCAGGYGG,AAHAGGACATCACGWACACA,53.550,56.528
orth6857_479-936,3,165,"207,20","411,20",TTTYCAKCAACGYCCGCGTG,NCGATCDGTTTGBCCCTGCC,55.647,55.282
orth6862_1402-1814,3,158,"157,21","356,21",ATWGTYGCCGGTCAACGTTGY,ACACGHCCWCGYACTTCCATC,56.000,54.912
orth6863_875-1349,2,217,"127,20","383,20",AATTCGCGTTAYGTGTCGGT,TTGCCATTRTTBGCGCGGAA,55.907,54.902
orth6863_875-1349,3,180,"165,20","384,20",KACCGCMAATCARGATGAGG,YTTGCCATTRTTBGCGCGGA,56.036,55.917
orth6876_478-1006,3,163,"233,20","435,20",GTMACTGTKATGGGDCATGT,TGYGCDCCACGHGCACGCAT,53.349,55.438
orth6892_0-456,3,210,"12,20","261,20",CCACGTCGYATYATYAAGGA,ARCAAATGCGTCCCAARCGA,55.810,55.976
orth6933_1649-2196,2,244,"22,20","305,20",GCCAGCAATGCRCGYGATGC,TCGGTRAATGTRATTTCCGG,55.968,56.048
orth6933_1649-2196,3,244,"22,20","305,20",GCCAGCAATGCRCGYGATGC,TCGGTRAATGTRATTTCCGG,55.968,56.048
orth6945_1114-1655,3,178,"316,18","531,20",RAARTAYCGCGGTATGGG,CTRACTGTKCGYGCGCCAAT,53.193,55.898
orth6967_168-659,1,328,"62,23","432,20",TGGAAATTTTTCTTCTGYGACGA,TTGATAAGCGGCAAKGTCAT,54.049,53.376
orth6967_168-659,2,335,"61,24","439,20",RTGGAAATTTTTCTTCTGYGACGA,RGCATTRTTGATAAGCGGCA,55.670,55.157
orth6967_168-659,3,335,"61,24","439,20",RTGGAAATTTTTCTTCTGYGACGA,RGCATTRTTGATAAGCGGCA,55.670,55.157
orth6984_1297-1822,3,218,"175,19","431,20",TGCARCGTTGGGTRCAYAA,KGTGCCGAAYTGTTCRCGCC,54.059,56.352
orth6993_0-565,2,353,"18,20","410,20",CATGGAGGWGGCGGTGGYTA,MACAAAWCCCATTATGGCAA,55.604,56.795
orth6993_0-565,3,344,"27,20","410,20",GGCGGTGGYTAYAGTGGWAT,MACAAAWCCCATTATGGCAA,56.175,56.795
orth7027_237-661,3,165,"145,23","351,19",GAAAAGTCDCGHATGGARATGCA,YAACATYAACATTTGACGN,55.385,54.286
orth7059_455-885,1,208,"132,20","379,20",ACTGATCCGCCWCAATTGAA,CTGACATTCTCCTCCTGTTC,53.236,55.182
orth7059_455-885,2,214,"131,19","383,20",YACTGATCCGCCWCAATTG,KGGRCTGACATTCTCCTCCT,55.991,56.516
orth7059_455-885,3,222,"122,20","383,20",MAAATAYGGYACTGATCCGC,KGGRCTGACATTCTCCTCCT,55.998,56.516
orth7078_1187-1689,2,272,"45,20","356,20",AAGGARATGTCCGCYACACG,RAAATCGTAVGCCATCAAAT,57.767,53.381
orth7078_1187-1689,3,274,"43,20","356,20",TYAAGGARATGTCCGCYACA,RAAATCGTAVGCCATCAAAT,55.174,53.381
orth7083_1862-2462,3,239,"262,22","542,20",STGGYGATAATTGGGTRTTGCC,RCGCTCTTGDATTTGCATAT,53.041,56.159
orth7104_0-552,1,262,"135,20","436,20",TAYGAGGGTGGCGTATGGAA,TGCACATARTCGGCCACTTT,55.730,55.737
orth7104_0-552,2,262,"135,20","436,20",TAYGAGGGTGGCGTATGGAA,TGCACATARTCGGCCACTTT,55.730,55.737
orth7104_0-552,3,262,"135,20","436,20",TAYGAGGGTGGCGTATGGAA,TGCACATARTCGGCCACTTT,55.730,55.737
orth7123_1197-1627,2,192,"93,20","324,20",CBGGCTCCAGTTCGGCMACC,GCACCTATCGAYGCDGCCGT,56.076,55.349
orth7123_1197-1627,3,169,"93,20","301,20",CBGGCTCCAGTTCGGCMACC,YGTRATACTRACCGCAACAA,56.076,56.260
orth7133_0-579,3,176,"128,20","343,20",YGTGATGGTCGATGCRAAAC,GTGCCRACCAAWATKATCGG,55.699,55.220
orth7135_722-1217,2,297,"73,20","412,23",GTGATGGKGCTGCCAATCAR,TCTTGDATTTCYTCACGTGTACG,56.235,53.118
orth7135_722-1217,3,225,"73,20","338,21",GTGATGGKGCTGCCAATCAR,SGTTTCCAAYACAATKGGACC,56.235,54.281
orth7139_137-698,2,326,"66,20","431,20",TGGCGNACRCTACAGGAACA,RACCAAACACAATTCGAAAT,55.011,56.502
orth7139_137-698,3,326,"66,20","431,20",TGGCGNACRCTACAGGAACA,RACCAAACACAATTCGAAAT,55.011,56.502
orth7204_510-991,2,199,"84,23","326,21",WGAAGAAAAGTTTCAACARTGGT,GCCATTTGCCGBCKCTGTTCT,54.227,55.729
orth7204_510-991,3,245,"40,23","327,20",GAAGARCAGAARCGYAAGGAACA,RGCCATTTGCCGBCKCTGTT,55.178,55.754
orth7205_1276-1713,2,164,"98,20","301,20",RGTTCTGAAACAGTTGTCCA,TGWGCATTTTCACGCCARAA,56.088,55.108
orth7205_1276-1713,3,165,"98,20","302,20",RGTTCTGAAACAGTTGTCCA,RTGWGCATTTTCACGCCARA,56.088,56.137
orth7205_96-575,2,397,"43,20","478,19",YATACGTACCAARACCATTA,RTTCACGGTCAGCTGATCY,55.088,55.021
orth7205_96-575,3,400,"40,20","478,19",DGAYATACGTACCAARACCA,RTTCACGGTCAGCTGATCY,55.118,55.021
orth7211_68-584,1,402,"34,20","475,20",CAACCGAGAAGGAGCCRCAA,TTCCTRTTGCCCTTGTGGTG,55.721,55.995
orth7211_68-584,2,369,"67,20","475,20",AAATGCGYATYTTTGCCCCG,TTCCTRTTGCCCTTGTGGTG,56.073,55.995
orth7211_68-584,3,369,"67,20","475,20",AAATGCGYATYTTTGCCCCG,TTCCTRTTGCCCTTGTGGTG,56.073,55.995
orth7214_1731-2233,3,329,"75,21","444,20",DATGCATTGGCGYTAYGAGTC,KAGTACAGGRTCTGCYCGAA,56.031,53.629
orth7232_547-1081,3,390,"68,20","497,20",DGCGCGCTAYGCYAATACCT,VCGCCCYAGATATGACATRA,57.102,55.358
orth7235_659-1096,2,330,"14,20","383,20",GARGTSCGTCACGAGCATGG,TCGGATGYACCAAACCAATR,55.638,56.050
orth7235_659-1096,3,329,"15,20","383,20",ARGTSCGTCACGAGCATGGW,TCGGATGYACCAAACCAATR,55.986,56.050
orth7251_1542-1956,3,161,"77,20","277,20",WGARGATGTGCGCTCACGYT,CGYTCGAAYAGCACRCGCGT,56.091,55.924
orth7332_242-749,2,391,"74,20","504,20",TCCGCTCTTYGGYTGGTGGA,CAAAWAGWCCCGGCAGAAAC,55.479,56.712
orth7332_242-749,3,230,"227,20","496,20",RATHGGYGTCAGTTCGGCAA,CCCGGCAGAAACATDAYDAA,56.518,55.370
orth7369_571-989,1,297,"15,20","355,24",CTCACAGCTGCCCARTTAAC,TGCATTCTTAGACTAGTTTCYACT,54.687,54.055
orth7369_571-989,2,221,"9,20","268,19",TCYAARCTCACAGCTGCCCA,CCCAADGTDCCCGACCACA,56.188,55.848
orth7369_571-989,3,223,"9,20","271,20",TCYAARCTCACAGCTGCCCA,GGYCCCAADGTDCCCGACCA,56.188,56.357
orth7400_1022-1498,3,173,"33,21","246,20",YTGGCAYTCTCATCAYGGTCT,DAGCACYGATTCGGGATCTT,53.657,55.861
orth7419_152-565,2,277,"94,20","410,20",YCCCACMGAATCGGATGTGA,AACCATTCATGACCATACGC,55.463,56.192
orth7419_152-565,3,277,"94,20","410,20",YCCCACMGAATCGGATGTGA,AACCATTCATGACCATACGC,55.463,56.192
orth7447_1571-1992,3,193,"167,21","405,25",TGGCDCGHTGYATGGCTTGGA,DCCYAAATTTTCCCAGAAYTTTTCT,55.975,54.413
orth7447_949-1521,3,385,"107,21","533,21",WCATGTTGTWATTGGDAATCA,RGGACTGTTCATBGCATTCCA,55.294,56.351
orth7464_376-778,3,323,"27,20","389,20",YGCACGCATGGCYGCYTGGA,CCACTRAACGCCATRCCRAT,56.124,53.877
orth7482_0-554,3,290,"77,24","410,20",YAAACTDCTMCAAGACAATATACG,HAGYACTTTVACAATTTCCA,54.923,54.597
orth7502_1926-2497,3,193,"201,20","434,21",AAGGATCGTTTGGTGGARAT,DAGCATTTGYTTCTCTTGYGC,55.901,53.803
orth7533_424-919,1,313,"76,22","430,20",TCGATCATATGYTGAGTGAGGC,TADGCGCCCATATCTTCCCA,55.045,56.167
orth7533_424-919,2,314,"76,22","431,20",TCGATCATATGYTGAGTGAGGC,RTADGCGCCCATATCTTCCC,55.045,56.109
orth7533_424-919,3,305,"87,20","431,20",YTGAGTGAGGCMCGYACCTA,RTADGCGCCCATATCTTCCC,55.457,56.109
orth7554_119-584,3,235,"137,18","409,20",HGTRAAATTRATGCGTGC,RCCCARAASGGCACAGATAT,53.064,55.379
orth7587_0-417,1,339,"31,18","406,19",GTCAYAACGTAGCTGGCA,CAATTGAARCGATCGGCCA,56.354,55.053
orth7587_0-417,2,187,"177,20","403,20",TRCATGATACGCTGCGARCG,TTGAARCGATCGGCCARCTC,56.245,55.879
orth7587_0-417,3,187,"177,20","403,20",TRCATGATACGCTGCGARCG,TTGAARCGATCGGCCARCTC,56.245,55.879
orth7593_754-1208,2,191,"182,20","412,20",GGHATAGTRGCGCGAAAACT,TCCTTTCGGTGGCTGYAAYG,54.621,56.381
orth7593_754-1208,3,192,"181,20","412,20",NGGHATAGTRGCGCGAAAAC,TCCTTTCGGTGGCTGYAAYG,55.933,56.381
orth7614_343-769,2,284,"6,20","329,20",CAACTMATGGATGCCGAYAA,CTGATCCCAGGCATCGTCRC,56.255,56.048
orth7614_343-769,3,283,"7,20","329,20",AACTMATGGATGCCGAYAAR,CTGATCCCAGGCATCGTCRC,55.862,56.048
orth7615_1070-1562,2,236,"67,20","343,21",TGTGGATCAGTTGGGTYATH,AACAAGAARAACCACATRCGA,55.764,53.760
orth7615_1070-1562,3,310,"67,20","416,20",TGTGGATCAGTTGGGTYATH,RAADCCCTCAATCATYACAC,55.764,55.486
orth7633_885-1438,3,223,"177,21","440,20",YACWAAACGTATGCARCATGT,GCVCGYATTTTGCGTTGHGC,55.695,53.038
orth7667_0-504,3,233,"4,22","278,20",GTCTBGTCTGGACTTTGATTGC,HCGCATRCTRTGCTGCATTT,55.277,55.448
orth7851_632-1080,1,160,"115,20","314,20",TTCGAGAATGCCATACGTTC,AGATCCGTGTGGGTTTGYGA,55.968,55.919
orth7851_632-1080,2,160,"115,20","314,20",TTCGAGAATGCCATACGTTC,AGATCCGTGTGGGTTTGYGA,55.968,55.919
orth7851_632-1080,3,160,"115,20","314,20",TTCGAGAATGCCATACGTTC,AGATCCGTGTGGGTTTGYGA,55.968,55.919
orth7880_211-623,3,255,"28,19","321,20",GMACACGCGGTGGYAACWC,CRCTGCGCTTCTTGTTCAGC,56.097,56.017
orth7898_4453-4866,2,217,"26,20","288,26",SATTGGACTGCAAATATTTW,GCATTCATRCCAATATCYTCATCGGT,53.944,54.784
orth7898_4453-4866,3,208,"21,20","270,22",YCGAYSATTGGACTGCAAAT,TCATCGGTRGCYACMACTTGCA,55.847,54.969
orth7936_106-593,3,292,"55,23","389,20",CGWGAGCACAGRGATCGYGTTTA,GAACGYGCYAAYACACCGAA,53.061,53.257
orth7983_809-1262,3,195,"140,19","377,24",RCCAGATGGYAATTTYCGT,RAATGTRTATTTGCCTTGATTYGG,53.491,54.217
orth7993_851-1424,1,183,"295,20","517,20",TTGCCGGCCTCTATCCRATA,TTGCCGAATAGNCCCCAAAT,56.149,55.289
orth7993_851-1424,2,388,"21,20","448,20",TCCTTCGAYAAYGGCATCGA,CCCARYACACAGGCCATAAA,55.853,55.787
orth7993_851-1424,3,389,"20,20","448,20",RTCCTTCGAYAAYGGCATCG,CCCARYACACAGGCCATAAA,56.088,55.787
orth8000_543-1021,3,259,"0,20","299,21",MTTGGCTGCTGAYGTKGGAA,TGCATCATCATACGVCGVCGY,54.017,56.255
orth8037_0-465,3,302,"113,21","456,21",RATWGTRCCAGATAATGCTCC,WCGGYCGYTTTTCGCTATTCT,53.960,55.540
orth8048_80-563,1,175,"135,20","350,21",CGTTTGGAAATCGCTGARGC,ACCATAATTGGAGAGHGTGCA,56.137,54.097
orth8048_80-563,2,174,"135,20","350,22",CGTTTGGAAATCGCTGARGC,ACCATAATTGGAGAGHGTGCAR,56.137,55.299
orth8048_80-563,3,433,"1,20","473,20",GCACCCCYACCGTCTAYCCH,ATCGCGRTTRCCCTGYACCA,55.868,55.864
orth8057_375-789,2,162,"77,21","279,20",TGCCYTTTGARTTGCGCAACA,DATGAAACTACCATCVCGCA,53.151,55.172
orth8057_375-789,3,165,"75,20","279,20",RATGCCYTTTGARTTGCGCA,DATGAAACTACCATCVCGCA,54.418,55.172
orth8078_144-566,3,302,"9,24","354,20",TGCARCCAGCYCTTAAYCCAGATG,TGTAGTCGACGCCAVCGWTC,55.726,56.049
orth8090_611-1073,2,250,"110,18","397,20",YCATCACGGYATTATGCC,GCATGWGCGCCAATRAAGTA,55.139,55.233
orth8090_611-1073,3,165,"107,20","311,20",SATYCATCACGGYATTATGC,WACGAATTGDATCATCTGYA,55.207,55.781
orth8095_902-1349,3,237,"104,23","383,20",GGTTTGYAAACARAAATCKACGC,BAGCTTGTCCATRATCTCYA,55.681,55.509
orth8171_1720-2151,2,300,"27,20","368,22",YGGTGTCACCATAATGGAYC,CCCCARAAATTRCCCAAAATGA,54.856,55.180
orth8171_1720-2151,3,225,"105,20","369,20",YTCSAGCATTGGCATGGCYA,RCCCCARAAATTRCCCAAAA,55.583,55.407
orth8191_0-465,3,361,"41,21","443,21",RAAACGBGTRCTTGATGAAGC,RCGYGTATCCTGATGDGTGCC,55.302,56.252
orth8213_538-1111,2,172,"226,23","441,21",ACTTTGGYTTCTATCACAGTGTB,ACACAATRCCAATGGARCGGA,53.594,55.277
orth8213_538-1111,3,241,"84,21","365,20",GCGGAYCGYWCGAAAATGAAG,YTTCGCCACATCGAAYGGTA,54.464,56.225
orth8248_1329-1921,2,180,"200,19","418,20",GYCTGCGMAAACATTCCGG,TGTGCGGCATHGCTTGSGAA,55.777,55.671
orth8248_1329-1921,3,177,"202,20","418,20",CTGCGMAAACATTCCGGASM,TGTGCGGCATHGCTTGSGAA,56.678,55.671
orth8277_1779-2253,1,181,"9,23","232,20",CATCGMGACATCAAATCCGATTC,TCRCCGTCCACCATCTCGAT,55.446,56.101
orth8277_1779-2253,2,185,"8,20","232,20",WCATCGMGACATCAAATCCG,TCRCCGTCCACCATCTCGAT,55.160,56.101
orth8277_1779-2253,3,165,"163,20","367,20",GTTTGCCATAYGGTCCCGAA,GGRTCACGYACCAGCATRCG,55.816,55.599
orth8304_166-657,1,348,"4,20","391,20",CGCCCGATATGGCRCACTTA,GCTACACCCTTBACAATGAC,55.760,55.316
orth8304_166-657,2,406,"4,20","449,20",CGCCCGATATGGCRCACTTA,CATTGCCCAGATRAARGCGA,55.760,55.457
orth8304_166-657,3,415,"4,20","458,20",CGCCCGATATGGCRCACTTA,RATGCTRCYCATTGCCCAGA,55.760,56.411
orth8331_723-1127,1,161,"112,20","312,20",AGCATGAAAAGTGGYACCAA,TGTGGGCAGGAARTGGTTAC,56.076,55.637
orth8331_723-1127,2,166,"88,20","293,20",AGCCCACTBATGTCCTTYCT,CGCAACACACTYTCGGTRAA,56.002,55.760
orth8331_723-1127,3,192,"19,20","250,20",CGYTTGGAGATGCGCAAYAY,ARCCCCAGTCGATRGGATGC,56.086,56.003
orth8373_654-1074,2,241,"135,20","419,24",CCGCTWTGGATWCTGGTCAT,CTTTGGCACATATGGRCTKTCATC,53.934,54.488
orth8373_654-1074,3,242,"134,20","419,24",YCCGCTWTGGATWCTGGTCA,CTTTGGCACATATGGRCTKTCATC,57.439,54.488
orth8390_0-538,2,199,"30,20","268,20",WCTACTGCCACACCCTCKTC,GCGGCAAGWACYTGTCCAAA,55.776,54.646
orth8390_0-538,3,200,"30,20","269,20",WCTACTGCCACACCCTCKTC,VGCGGCAAGWACYTGTCCAA,55.776,56.725
orth8426_0-579,1,330,"2,20","370,19",GCAAGCMATTAAGTGCGTCG,TTTTTATCGTCGCGCAAGT,56.496,56.279
orth8426_0-579,2,260,"19,20","318,20",TCGTGGTAGGYGATGGYGCG,TDGGGCARTGATGACGCACT,55.768,55.319
orth8426_0-579,3,260,"19,20","318,20",TCGTGGTAGGYGATGGYGCG,TDGGGCARTGATGACGCACT,55.768,55.319
orth8436_1023-1595,3,340,"146,24","529,20",TTTCGAAATTGAYGGHCGBAAAAA,TGGCTWATRAAWATCTCCAA,53.333,53.209
orth8442_1100-1548,3,248,"72,19","359,21",VAGCAGRGAAGCHGAAGCG,ACACCCATTGTTTTCCAAAAY,54.347,55.308
orth8463_121-561,3,238,"30,24","309,18",RGCTTATGTVGARGATCAAGCTAA,YACTTCVGCACGYTGCCA,53.171,53.062
orth8472_235-726,3,160,"147,20","351,25",GGYGGYACBAAATCGCTGCG,TCATRCACATYGACCAAATSGACAC,55.616,53.027
orth8533_1224-1665,2,237,"162,20","438,20",GTGCAACGYGGTGCTAARGT,GGAAGCCYTCACGRCTCGCA,53.841,55.695
orth8533_1224-1665,3,266,"6,20","311,20",TGGACGGCRYTRATGTGGGC,YGGYGTCCACGAATACATGC,55.557,56.042
orth8535_4919-5408,3,253,"73,19","366,22",WCGATGARGTGCGTTGYCT,YATAACCCCARGATGCMGTCTC,55.314,54.991
orth8560_1382-1964,3,200,"156,20","395,20",TTYATGGGHCGTGTBTGGGG,TGTRCAGGCCATGGTRAAKA,54.657,55.996
orth8568_711-1273,3,339,"81,22","461,20",RAMATATCTGCAMGAGTATGAC,TCATCGCCCATRCATAGCAT,54.460,55.678
orth8589_697-1251,2,250,"14,21","310,26",WAAATTGATTGAGGARAAAAT,TCTGTCATKGATTGTACCATRTCATC,53.054,53.551
orth8589_697-1251,3,200,"11,20","253,23",DCGWAAATTGATTGAGGARA,ACCCARAATTTKGAAGGWGATGC,54.402,53.789
orth8597_394-831,3,175,"89,21","310,26",YGAGATAACACCACARCAYCT,GCCGARAACATBGACTCRTTCAAACG,53.154,56.481
orth8598_3094-3544,2,203,"86,21","331,22",RTTCTGGGAATTGGAYAAAGA,TCCATRCAACGRAACCAATACT,55.133,54.969
orth8598_3094-3544,3,182,"86,21","308,20",RTTCTGGGAATTGGAYAAAGA,RATTGCRGTDGGTGTACGCT,55.133,54.520
orth8599_90-527,3,171,"1,20","211,20",TCADCGHATGTTTGGDACCA,RATAGTKGCTGGTTCTTTRA,54.916,53.010
orth8666_697-1226,3,299,"21,20","359,20",YCGTTGTGTDCAYTGCTCAC,WAACCCATYCTCTGATGDGC,55.599,55.640
orth8692_604-1034,3,175,"48,20","263,21",CCYATGGAYATGGCVCCCGC,DGCGATTTTCGTYTTGGCMGT,56.418,53.205
orth8713_158-707,2,274,"90,20","404,21",GCTGGYCAAGAACGYTTTCG,RACCATACGAAAAGCYTCTTC,53.067,53.547
orth8713_158-707,3,390,"89,21","521,22",RGCTGGYCAAGAACGYTTTCG,HGCCATRACCAAATTRAAATCT,55.865,55.709
orth8720_0-564,2,184,"44,22","271,22",RCCTGGTACDGAAAATGATCGC,CGCCTATTATTRATRGCTGCCC,55.809,56.520
orth8720_0-564,3,171,"44,22","256,20",RCCTGGTACDGAAAATGATCGC,GCTGCCCAATGYAGYAAHGT,55.809,55.181
orth8728_3368-3797,2,253,"118,20","411,21",GGRCCACGYTTGGCAATGGT,TGCATTTGARTTACCATCCGC,56.353,55.278
orth8728_3368-3797,3,257,"114,20","411,21",YGATGGRCCACGYTTGGCAA,TGCATTTGARTTACCATCCGC,56.345,55.278
orth8791_0-568,1,485,"6,20","530,20",CTCAACCAYGCCACTGCAAT,TTGGCGAAAATCTTTHGCGC,56.688,56.094
orth8791_0-568,2,413,"78,20","530,20",CCCACCACRGTRCAGCAGCA,TTGGCGAAAATCTTTHGCGC,56.150,56.094
orth8791_0-568,3,413,"78,20","530,20",CCCACCACRGTRCAGCAGCA,TTGGCGAAAATCTTTHGCGC,56.150,56.094
orth8799_244-805,3,236,"224,21","500,20",TCTGCATACCGACKTGYCCGC,TCGCACTSATTYGGCGMCAC,55.980,55.909
orth8806_1828-2341,3,184,"54,20","277,20",AARCARCGCGATGARATGGT,ARYGAVAGACTAGCCTCGGC,54.566,54.566
orth8814_502-996,3,201,"90,26","335,19",GAAGAYATGTTYCAGAARAAAATTGA,YACACCAATACCACGMGCY,54.375,55.946
orth8826_1769-2187,1,179,"185,20","403,20",GAATTGGTGAATGAACGTGC,TARGACCAGCGCGACTACAT,55.944,56.563
orth8826_1769-2187,2,179,"185,20","403,20",GAATTGGTGAATGAACGTGC,TARGACCAGCGCGACTACAT,55.944,56.563
orth8826_1769-2187,3,186,"185,20","410,20",GAATTGGTGAATGAACGTGC,RYAGATATARGACCAGCGCG,55.944,56.372
orth8849_355-837,3,340,"95,21","476,21",MGATCCDATAGCHAAGGCCAG,WGCTTCACAAAANACTTTSCG,54.775,54.629
orth8854_815-1247,3,167,"2,22","210,20",YACCCACTCCRTACAGTATGAR,MATTRCCRCCCAAACCACAA,55.867,54.246
orth8881_963-1509,3,179,"24,20","243,21",TGGTGGCATGCCWCGYTCAG,TGGTGCTTTWAKWACAGGAAC,55.915,55.751
orth8902_764-1334,1,263,"134,20","435,19",ACAAGAACGTCCACTAATGC,GCGCVACATCACAAGACCA,56.078,56.620
orth8902_764-1334,2,265,"134,20","439,21",ACAAGAACGTCCACTAATGC,GTYGGCGCVACATCACAAGAC,56.078,56.113
orth8902_764-1334,3,267,"134,20","440,20",ACAAGAACGTCCACTAATGC,RGTYGGCGCVACATCACAAG,56.078,55.867
orth8909_662-1067,2,193,"8,20","240,20",AACAARCAAATGCCACGYAC,TCCTTGTGGTTRTGGCAAGC,54.798,56.679
orth8909_662-1067,3,193,"8,20","240,20",AACAARCAAATGCCACGYAC,TCCTTGTGGTTRTGGCAAGC,54.798,56.679
orth8926_1277-1720,2,270,"78,21","388,20",GCTCGAACGATHTTYCGTTGG,AAATGDCGNGCGCCCCAATT,54.853,56.423
orth8926_1277-1720,3,277,"77,21","394,20",RGCTCGAACGATHTTYCGTTG,TTKACCAAATGDCGNGCGCC,55.107,56.053
orth8926_675-1227,3,296,"32,21","373,25",RCATCGBAARGAGGAAGATGA,GCACTRATCARYTCCAACATTTCAC,54.816,55.762
orth8933_385-795,2,182,"136,24","363,22",TGATAGCYTGCAAGARCTAGTGCC,GGATTTGCTTGYTGRTGCTGCA,55.399,55.170
orth8933_385-795,3,180,"143,20","364,22",YTGCAAGARCTAGTGCCWAC,MGGATTTGCTTGYTGRTGCTGC,53.736,56.093
orth8951_2111-2657,3,326,"134,20","499,20",KTGGGCAAAAGTCAAGCVAG,BGCATGRCANGGACTGAAGT,56.067,53.876
orth8951_2707-3122,3,169,"17,21","226,20",TCGAGCAGYATTTATATGGGY,RCGCAARACAATCATCARCA,54.606,56.025
orth9022_508-940,1,216,"73,20","329,21",TATGAGTGCCAATTATCGCG,CAATATTGGTGCCAATRAGCA,56.106,56.125
orth9022_508-940,2,225,"159,20","423,20",ARGGTTTTTGCTGGGGYGGC,AGCARHAGCCAATAACACCA,56.014,55.408
orth9022_508-940,3,220,"159,20","418,20",ARGGTTTTTGCTGGGGYGGC,HAGCCAATAACACCARCCSA,56.014,56.205
orth9032_150-710,1,194,"239,20","471,19",GCTGGCTGTGATCGTCCYGA,GCCACATCGTGCCAYTTGA,56.892,56.612
orth9032_150-710,2,194,"237,20","470,20",TYGCTGGCTGTGATCGTCCY,CCACATCGTGCCAYTTGAGH,56.595,56.201
orth9032_150-710,3,284,"53,20","376,20",TTYAGYTGGGARCATGCGCC,TTGKGGTTGATTGTAGCCGC,55.672,55.890
orth9037_597-1094,3,176,"228,20","443,20",HATGGAGACCAATCCSAATG,AGATGCATRGARCGHCGCGA,55.499,54.674
orth9288_469-1056,3,303,"169,21","516,24",MAAAACAYTATCGAACTGCAM,TGTTTGGAATTRAASAGRTTGCCA,54.861,55.591
orth9316_121-576,3,174,"51,20","264,20",YAAAATGCGKCCDCCCAAAA,BCGCCACATATTCTTYARCC,54.951,55.657
orth9331_772-1178,2,166,"164,20","369,20",TTCTWCTTCATWGTGCCCGA,CGTGGCGTTRCRAATAGCCC,53.102,56.496
orth9331_772-1178,3,163,"168,19","369,20",WCTTCATWGTGCCCGARAG,CGTGGCGTTRCRAATAGCCC,56.099,56.496
orth9355_1350-1774,2,160,"3,20","202,20",CCWGCTGGTCCACGTGGYGA,GGDCCTTGCAAWCCTTGATC,55.898,53.638
orth9355_1350-1774,3,161,"3,20","203,20",CCWGCTGGTCCACGTGGYGA,YGGDCCTTGCAAWCCTTGAT,55.898,55.240
orth9406_372-792,1,161,"212,20","412,20",TCGACGGTACRAATGCACAA,TAAATTTGCGTGGACTTCGY,55.796,55.768
orth9406_372-792,2,161,"212,20","412,20",TCGACGGTACRAATGCACAA,TAAATTTGCGTGGACTTCGY,55.796,55.768
orth9406_372-792,3,161,"212,20","412,20",TCGACGGTACRAATGCACAA,TAAATTTGCGTGGACTTCGY,55.796,55.768
orth9407_84-663,2,175,"26,20","241,21",AGTGGACGYGTACGYAAGAA,RTCGTCTTCAGCYAAATCACT,53.897,54.844
orth9407_84-663,3,178,"23,20","241,21",CGWAGTGGACGYGTACGYAA,RTCGTCTTCAGCYAAATCACT,55.705,54.844
orth9420_162-722,2,242,"234,19","516,22",TTGACTTCCGYGCCATYAG,GAGGGRTCGSGTTGGTTCATGA,53.157,54.857
orth9420_162-722,3,243,"233,20","517,22",RTTGACTTCCGYGCCATYAG,WGAGGGRTCGSGTTGGTTCATG,55.137,56.052
orth9427_0-519,2,254,"143,21","439,22",TCCACCACAAATYAAYTGGGC,GGATCYAAAGCTTGDTCAGGGA,55.970,53.650
orth9427_0-519,3,250,"143,21","434,21",TCCACCACAAATYAAYTGGGC,YAAAGCTTGDTCAGGGAABGA,55.970,54.653
orth9431_5795-6340,2,166,"161,18","367,23",RCCDCCAAAAGGCACTGA,AATATCGGRTTBAGTTGTTTGCT,53.903,53.414
orth9431_5795-6340,3,158,"164,20","363,22",DCCAAAAGGCACTGARYTGC,TCGGRTTBAGTTGTTTGCTRAC,55.863,54.939
orth9448_0-521,2,203,"33,22","278,21",MAACAACAGTTTTCAGCKTTGC,CATYTTGCCACATAGBCCCAC,56.141,53.026
orth9448_0-521,3,239,"0,20","279,21",ATGTCGGCGTAYCAYCGMAA,RCATYTTGCCACATAGBCCCA,55.860,55.355
orth9457_2039-2500,3,299,"117,20","453,18",CGATCAGCAGYTGCAATTGC,YGGBACCAGCCAACCVAG,55.582,56.276
orth9457_2550-3047,2,352,"76,20","465,18",CATWCTCACCACCTGCACCR,GTYGTCCAMACACCGGGC,56.153,56.912
orth9457_2550-3047,3,352,"76,20","467,20",CATWCTCACCACCTGCACCR,TYGTYGTCCAMACACCGGGC,56.153,56.663
orth9580_1104-1528,2,294,"7,20","342,22",CAAGCCATHTCCGTRCTGCG,YTCACTCAAATTCGACTTKGCA,56.311,55.450
orth9580_1104-1528,3,241,"7,20","287,20",CAAGCCATHTCCGTRCTGCG,TGRCGTGGCAGTAGMAGWGT,56.311,54.154
orth9701_0-468,1,310,"115,19","463,20",CCGTACATYTGCTGGGCAA,TCCATGAGTGCAAACATCTG,55.756,56.036
orth9701_0-468,2,309,"115,20","463,20",CCGTACATYTGCTGGGCAAY,TCCATGAGTGCAAACATCTG,56.947,56.036
orth9701_0-468,3,317,"107,20","463,20",YGTRCAGCCCGTACATYTGC,TCCATGAGTGCAAACATCTG,55.901,56.036
orth9723_2067-2556,1,206,"214,23","460,18",CGATTATAAGTGYAAAGTTGCCA,DGCATAACTCCAATTGCC,55.872,54.061
orth9723_2067-2556,2,323,"97,20","460,21",ACCYTCGTTYACCTGGGTGC,DGCATAACTCCAATTGCCYGC,56.185,55.391
orth9723_2067-2556,3,288,"132,20","460,21",TWACCGGACGYAATTATCGS,DGCATAACTCCAATTGCCYGC,56.038,55.391
orth9771_3788-4384,3,239,"135,22","415,20",TCTGYGAGAATGGYACWTCGCG,RAGRCGTGCRCAGTTCTCAT,53.493,55.423
orth9802_1065-1490,1,188,"84,20","311,20",GCMACATATTCCTTCACCGC,RTTGCTATCCTCATCGTCAT,55.210,55.291
orth9802_1065-1490,2,167,"127,20","333,20",AGCARTCCAGTCARAGTCCA,GCTTYGARTCGGAGCCCTCC,55.250,55.877
orth9802_1065-1490,3,163,"131,20","333,20",RTCCAGTCARAGTCCAGGMG,GCTTYGARTCGGAGCCCTCC,55.767,55.877
orth9840_92-632,1,493,"2,24","538,20",TGTAAAAATWAACAAATGGGATGG,TACTCATCCTTTTTCCCAGC,55.432,55.029
orth9840_92-632,2,173,"325,21","538,20",CACGWACYTGGGAAGCTAGCT,TACTCATCCTTTTTCCCAGC,55.544,55.029
orth9840_92-632,3,176,"323,20","538,20",RCCACGWACYTGGGAAGCTA,TACTCATCCTTTTTCCCAGC,56.020,55.029
orth9892_1945-2489,3,246,"54,23","342,20",BTGGAGTTACTCMATTGGYTTGG,ACGWCCGAYAATGAARAGAG,53.168,53.715
orth9904_238-748,2,279,"7,20","325,20",CCCTGAAAACYGGCACGCTR,GCCGCRGACATHACACCCAA,56.292,56.931
orth9904_238-748,3,395,"7,20","441,20",CCCTGAAAACYGGCACGCTR,KTGGATCCTCATARCCCCAS,56.292,55.694
orth9929_0-441,2,194,"195,20","429,21",TCRCACACCTATCGCATGCA,TGGCRCTGTCCTTRCGAAAGG,55.220,55.133
orth9929_0-441,3,171,"38,20","248,20",YATCTAYAAGGAYAGTCGTT,RGGAAAGGCGCGYGATGAYT,56.008,56.040
orth9940_0-515,3,187,"224,21","449,18",KAGTCCTGAATTRAAAAAGAG,VAYATAWTCGCGGTTCAC,55.040,53.924